{
  "gpu_name": "NVIDIA GeForce RTX 4090",
  "total_memory_mib": 48485.625,
  "input_shape_template": [
    "B",
    3,
    6,
    360,
    360
  ],
  "rows": [
    {
      "batch_size": 2,
      "precision": "fp32",
      "success": true,
      "oom": false,
      "warmup_blocks": 3,
      "measured_blocks": 10,
      "average_block_seconds": 0.022724714100331767,
      "blocks_per_second": 44.00495405948366,
      "readouts_per_second": 264.02972435690197,
      "peak_memory_mib": 1408.82861328125,
      "current_memory_mib": 100.9453125,
      "mean_loss": 0.8176903188228607,
      "lif1_firing_rate": 0.19900189686213993,
      "lif2_firing_rate": 0.21075022505144034,
      "accumulator_mean": -0.004504680633544922,
      "accumulator_std": 1.736977458000183,
      "scaler_scale": null,
      "error": null
    },
    {
      "batch_size": 2,
      "precision": "amp_fp16",
      "success": true,
      "oom": false,
      "warmup_blocks": 3,
      "measured_blocks": 10,
      "average_block_seconds": 0.018947471499996028,
      "blocks_per_second": 52.77749065357927,
      "readouts_per_second": 316.66494392147564,
      "peak_memory_mib": 910.0322265625,
      "current_memory_mib": 92.5419921875,
      "mean_loss": 0.8223810791969299,
      "lif1_firing_rate": 0.2014114744084362,
      "lif2_firing_rate": 0.19767963927469137,
      "accumulator_mean": -0.005274979397654533,
      "accumulator_std": 1.7375504970550537,
      "scaler_scale": 65536.0,
      "error": null
    },
    {
      "batch_size": 4,
      "precision": "fp32",
      "success": true,
      "oom": false,
      "warmup_blocks": 3,
      "measured_blocks": 10,
      "average_block_seconds": 0.05011431189996074,
      "blocks_per_second": 19.95437953924662,
      "readouts_per_second": 239.45255447095946,
      "peak_memory_mib": 2818.6943359375,
      "current_memory_mib": 201.39453125,
      "mean_loss": 0.8164688885211945,
      "lif1_firing_rate": 0.20053871688528807,
      "lif2_firing_rate": 0.20948559670781894,
      "accumulator_mean": -0.0008603279711678624,
      "accumulator_std": 1.7375599145889282,
      "scaler_scale": null,
      "error": null
    },
    {
      "batch_size": 4,
      "precision": "amp_fp16",
      "success": true,
      "oom": false,
      "warmup_blocks": 3,
      "measured_blocks": 10,
      "average_block_seconds": 0.03745666320028249,
      "blocks_per_second": 26.6975196015981,
      "readouts_per_second": 320.3702352191772,
      "peak_memory_mib": 1818.908203125,
      "current_memory_mib": 184.36181640625,
      "mean_loss": 0.8167975604534149,
      "lif1_firing_rate": 0.21357301311728394,
      "lif2_firing_rate": 0.2071362606095679,
      "accumulator_mean": 0.007628357503563166,
      "accumulator_std": 1.7372926473617554,
      "scaler_scale": 65536.0,
      "error": null
    },
    {
      "batch_size": 8,
      "precision": "fp32",
      "success": true,
      "oom": false,
      "warmup_blocks": 3,
      "measured_blocks": 10,
      "average_block_seconds": 0.11112761800031876,
      "blocks_per_second": 8.998663140580694,
      "readouts_per_second": 215.96791537393665,
      "peak_memory_mib": 5606.955078125,
      "current_memory_mib": 398.744140625,
      "mean_loss": 0.8395326375961304,
      "lif1_firing_rate": 0.21823889210390945,
      "lif2_firing_rate": 0.20801585005144033,
      "accumulator_mean": -0.0015500732697546482,
      "accumulator_std": 1.7385843992233276,
      "scaler_scale": null,
      "error": null
    },
    {
      "batch_size": 8,
      "precision": "amp_fp16",
      "success": true,
      "oom": false,
      "warmup_blocks": 3,
      "measured_blocks": 10,
      "average_block_seconds": 0.08722108700021636,
      "blocks_per_second": 11.465117374626614,
      "readouts_per_second": 275.1628169910387,
      "peak_memory_mib": 3624.9091796875,
      "current_memory_mib": 365.126953125,
      "mean_loss": 0.8377997279167175,
      "lif1_firing_rate": 0.22452729150591563,
      "lif2_firing_rate": 0.21875841933513374,
      "accumulator_mean": -0.003740890184417367,
      "accumulator_std": 1.7387179136276245,
      "scaler_scale": 65536.0,
      "error": null
    }
  ],
  "recommendation": {
    "recommended_batch_size": 8,
    "recommended_precision": "amp_fp16",
    "reason": "B=8 稳定运行，按规则优先使用 B=8。",
    "memory_threshold_mib": 41212.78125
  }
}